id,first_name,last_name,email,gender,marks,grades,class
1,Kayle,Matterface,kmatterface0@hibu.com,Female,39,3,4
2,Leslie,Retchford,lretchford1@noaa.gov,Male,40,5,2
3,Cortie,Tousey,ctousey2@bizjournals.com,Agender,10,3,2
4,Annetta,Keer,akeer3@weather.com,Female,1,5,1
5,Natala,Beak,nbeak4@netlog.com,Agender,18,4,3
6,Mora,Middleton,mmiddleton5@trellian.com,Female,23,1,1
7,Saxon,McClenan,smcclenan6@printfriendly.com,Male,84,5,3
8,Price,Gout,pgout7@ask.com,Male,73,5,4
9,Shelly,Shepherdson,sshepherdson8@phpbb.com,Female,39,5,2
10,Bartlett,Dohmer,bdohmer9@bbc.co.uk,Male,87,5,4
11,Willem,Epsley,wepsleya@xing.com,Male,76,1,4
12,Rourke,Chatterton,rchattertonb@free.fr,Agender,88,2,3
13,Giana,Besse,gbessec@ucoz.com,Female,52,3,3
14,Salmon,Pelcheur,spelcheurd@biglobe.ne.jp,Bigender,67,1,2
15,Sybilla,Snoden,ssnodene@paypal.com,Female,85,5,4
16,Kori,Beggi,kbeggif@blog.com,Female,70,5,1
17,Mariana,Timby,mtimbyg@chicagotribune.com,Female,18,4,1
18,Elbertine,Calderbank,ecalderbankh@admin.ch,Female,22,5,3
19,Paloma,Tellesson,ptellessoni@csmonitor.com,Female,27,3,2
20,Mitchell,Noakes,mnoakesj@ycombinator.com,Male,16,3,4
21,Gabbie,Monks,gmonksk@toplist.cz,Female,8,1,1
22,Linnea,Kleinhaut,lkleinhautl@ebay.co.uk,Female,90,3,4
23,Vidovic,Spray,vspraym@sogou.com,Male,99,1,4
24,Rebeka,Paridge,rparidgen@japanpost.jp,Female,31,4,2
25,Kristy,Postle,kpostleo@msu.edu,Female,83,2,2
26,Katherina,Persence,kpersencep@ed.gov,Female,6,4,3
27,Neddy,Klemke,nklemkeq@dion.ne.jp,Male,78,5,1
28,Ibby,Ewles,iewlesr@prnewswire.com,Female,70,4,4
29,Lora,Doyley,ldoyleys@ucla.edu,Female,79,3,2
30,Kevina,Genny,kgennyt@skyrock.com,Female,86,1,4
31,Alaric,Crawley,acrawleyu@npr.org,Male,55,2,3
32,Jesse,Halpen,jhalpenv@zimbio.com,Male,38,1,4
33,Joyce,Greenacre,jgreenacrew@lulu.com,Female,78,4,1
34,Florie,Surmon,fsurmonx@google.com,Female,5,1,4
35,Thom,Pitbladdo,tpitbladdoy@nymag.com,Male,32,5,3
36,Dominick,Bragge,dbraggez@senate.gov,Male,25,4,2
37,Barbara,Muggleton,bmuggleton10@nydailynews.com,Female,1,1,3
38,Kristi,Wybrew,kwybrew11@hatena.ne.jp,Female,30,4,2
39,Asher,Osgarby,aosgarby12@theglobeandmail.com,Male,28,2,1
40,Godard,Snalom,gsnalom13@miibeian.gov.cn,Male,97,3,4
41,Horacio,Stayte,hstayte14@eepurl.com,Male,80,3,3
42,Dorita,Ceeley,dceeley15@pen.io,Female,86,2,2
43,Munroe,Whitter,mwhitter16@businesswire.com,Male,77,2,2
44,Ricca,Moughtin,rmoughtin17@senate.gov,Female,16,5,1
45,Melony,Curtiss,mcurtiss18@dion.ne.jp,Female,23,1,1
46,Tracey,Laugheran,tlaugheran19@pinterest.com,Male,95,4,2
47,Cary,Fawlo,cfawlo1a@sohu.com,Female,55,1,1
48,Kenn,Forrestor,kforrestor1b@microsoft.com,Male,8,1,1
49,Boonie,Kenset,bkenset1c@uol.com.br,Male,7,5,3
50,Dulcine,Ducker,dducker1d@msn.com,Female,38,5,1
